extreme_type,flow_maximum,flow_minimum,flow_range,flow_mean,flow_median,n
maximum,466,107,359,212.07339449541286,204,109
minimum,8.44,3.62,4.819999999999999,6.27411214953271,6.15,107
